worker_id,mobile,skill,level,origin_state,origin_district,monthly_income,payment_mode,signup-latitude,signup-longitude,signup-date
1,9268154467,Factory Labour,Junior,UTTAR PRADESH,Ballia,20000,cash,22.9576832,72.5820358,2020-11-01
2,9283837422,Factory Labour,Senior,UTTAR PRADESH,Ghazipur,15000,bank,22.9576832,72.5820358,2020-11-01
3,8946790483,Factory Labour,Junior,GUJARAT,Patan,12000,bank,22.9576832,72.5820358,2020-11-01
4,6247095209,Labourer,Senior,BIHAR,Muzaffarpur,12000,cash,23.018984,72.5373321,2020-11-02
5,8946790483,Labourer,Junior,BIHAR,Muzaffarpur,12000,cash,23.018984,72.5373321,2020-11-02
6,6201515961,Labourer,Junior,BIHAR,Muzaffarpur,10000,cash,23.018984,72.5373321,2020-11-02
7,8946790483,Labourer,Junior,BIHAR,Muzaffarpur,10000,cash,23.0190939,72.5375711,2020-11-02
8,8946790483,Carpenter,Senior,UTTAR PRADESH,Ambedkar Nagar,15000,cash,23.042058,72.5291712,2020-11-02
9,8946790483,Carpenter,Senior,UTTAR PRADESH,Ambedkar Nagar,12000,cash,23.0420999,72.529541,2020-11-02
10,8987326914,Carpenter,Senior,UTTAR PRADESH,Farrukhabad,12000,cash,23.0423498,72.5304151,2020-11-02
11,2884707092,Carpenter,Junior,UTTAR PRADESH,Sant Kabir Nagar,12000,cash,23.0190939,72.5375711,2020-11-02
12,6660862944,Carpenter,Junior,BIHAR,Katihar,7000,cash,23.0190939,72.5375711,2020-11-02
13,5988700693,Carpenter,Junior,UTTAR PRADESH,Kushinagar,15000,cash,23.0190939,72.5375711,2020-11-02
14,4559489111,Labourer,Junior,MADHYA PRADESH,Jhabua,9000,cash,23.0402007,72.5290236,2020-11-02
15,9760191677,Carpenter,Senior,MADHYA PRADESH,Jhabua,15000,cash,23.0421756,72.5294192,2020-11-02
16,1852286879,Scaffolding,Senior,GUJARAT,Ahmadabad,10000,cash,23.0410315,72.5295449,2020-11-02
17,9425628195,Excavation,Senior,GUJARAT,Ahmadabad,10000,cash,23.0410315,72.5295449,2020-11-02
18,5367122772,Mason,Junior,MADHYA PRADESH,Jhabua,8000,cash,23.042286,72.5295993,2020-11-02
19,8433542404,Carpenter,Junior,BIHAR,Purnia,12000,cash,23.0410195,72.5295926,2020-11-02
20,9667605229,Carpenter,Senior,BIHAR,Purnia,15000,cash,23.040841,72.5294956,2020-11-02
21,6919393331,Carpenter,Junior,BIHAR,Purnia,9000,cash,23.0410307,72.529649,2020-11-02
22,5699575230,Formwork,Junior,BIHAR,Araria,10000,cash,23.0411111,72.5295706,2020-11-02
23,8946790483,Carpenter,Senior,BIHAR,Purnia,18000,cash,23.0418763,72.5294228,2020-11-02
24,1897782704,Carpenter,Senior,BIHAR,Purnia,25000,cash,23.0399989,72.5291747,2020-11-02
25,5732261740,Carpenter,Senior,BIHAR,Purnia,17000,cash,23.0411653,72.5293191,2020-11-02
26,9403229385,Labourer,Junior,MADHYA PRADESH,Jhabua,9000,cash,23.0412473,72.5293622,2020-11-02
27,7010453920,Mason,Junior,RAJASTHAN,Udaipur,8000,cash,23.042376,72.5288015,2020-11-02
28,1395614422,Labourer,Junior,GUJARAT,Dahod,8500,cash,23.0186671,72.5372934,2020-11-02
29,4808719067,Excavation,Senior,MADHYA PRADESH,Jhabua,15000,cash,23.0400243,72.5302804,2020-11-02
30,6900289355,Labourer,Junior,GUJARAT,Chhota Udaipur,8000,cash,23.0419811,72.5296232,2020-11-02
31,9733291641,Mason,Senior,MADHYA PRADESH,Alirajpur,18000,cash,23.0430712,72.5317593,2020-11-02
32,2610013147,Carpenter,Senior,GUJARAT,Banas Kantha,10000,cash,22.955898,72.5853625,2020-11-02
33,7662578052,Labourer,Senior,RAJASTHAN,Banswara,15000,cash,22.9568705,72.5844207,2020-11-02
34,7270638899,Mason,Junior,RAJASTHAN,Banswara,10000,cash,22.9571317,72.5844931,2020-11-02
35,9860411804,Mason,Senior,RAJASTHAN,Banswara,8000,cash,22.9568705,72.5844207,2020-11-03
36,3443703504,Mason,Senior,RAJASTHAN,Banswara,10000,cash,22.9572497,72.5841555,2020-11-03
37,8023945255,Labourer,Junior,GUJARAT,Dahod,9000,cash,23.1194603,72.6278676,2020-11-03
38,8946790483,Carpenter,Senior,UTTAR PRADESH,Varanasi,15000,cash,23.021259,72.5361958,2020-11-03
39,5209748291,Labourer,Junior,GUJARAT,Dahod,9000,cash,23.1159916,72.6293044,2020-11-03
40,2184091975,Carpenter,Senior,UTTAR PRADESH,Ghazipur,15000,cash,23.021259,72.5361958,2020-11-03
41,6354986612,Labourer,Junior,GUJARAT,Dahod,9000,cash,23.117152,72.6294288,2020-11-03
42,8873405526,Carpenter,Junior,UTTAR PRADESH,Varanasi,12000,cash,23.021259,72.5361958,2020-11-03
43,9882623625,Carpenter,Senior,UTTAR PRADESH,Varanasi,12000,cash,23.021259,72.5361958,2020-11-03
44,4177319569,Carpenter,Senior,UTTAR PRADESH,Ghazipur,14000,cash,23.021259,72.5361958,2020-11-03
45,2003270957,Carpenter,Junior,UTTAR PRADESH,Varanasi,10000,cash,23.0201541,72.5391535,2020-11-03
46,2824447720,Carpenter,Junior,UTTAR PRADESH,Varanasi,13000,cash,23.0201541,72.5391535,2020-11-03
47,7496994403,Factory Labour,Junior,RAJASTHAN,Barmer,9500,cash,23.0076177,72.564035,2020-11-03
48,5204404147,Factory Labour,Senior,RAJASTHAN,Barmer,25000,bank,22.9648866,72.5846132,2020-11-03
49,5529988011,Factory Labour,Senior,UTTAR PRADESH,Unnao,25000,cash,22.9665317,72.583884,2020-11-03
50,9172863911,Formwork,Senior,MADHYA PRADESH,Betul,10000,cash,23.0582424,72.5387322,2020-11-03
51,4934218394,Electrician,Junior,GUJARAT,Mahisagar,12000,cash,23.057886,72.5400719,2020-11-03
52,6541764987,Mason,Junior,RAJASTHAN,Banswara,9000,cash,23.0581611,72.538497,2020-11-03
53,3669598540,Mason,Junior,GUJARAT,Dahod,9000,cash,23.1172324,72.6304546,2020-11-03
54,9164238908,Mason,Junior,GUJARAT,Dahod,9000,cash,23.1172324,72.6304546,2020-11-03
55,2500610788,Mason,Junior,RAJASTHAN,Banswara,9000,cash,23.0589188,72.5371899,2020-11-03
56,8946790483,Mason,Junior,GUJARAT,Gandhinagar,9000,cash,23.1172324,72.6304546,2020-11-03
57,3117949734,Mason,Junior,GUJARAT,Gandhinagar,9000,cash,23.1172324,72.6304546,2020-11-03
58,4221090554,Loader-Machine,Junior,GUJARAT,Ahmadabad,10000,cash,23.0321043,72.5988052,2020-11-03
59,7915884054,Mason,Junior,RAJASTHAN,Banswara,9000,cash,23.0582179,72.538425,2020-11-03
60,2627458243,Mason,Junior,UTTAR PRADESH,Gorakhpur,12000,cash,22.9450173,72.623063,2020-11-03
61,2225466573,Mason,Junior,RAJASTHAN,Banswara,9000,cash,23.0568219,72.5383377,2020-11-03
62,4843803530,Mason,Junior,MADHYA PRADESH,Dhar,9000,cash,23.1172324,72.6304546,2020-11-03
63,5530245692,Mason,Senior,BIHAR,Saran,18000,cash,23.0580686,72.5380984,2020-11-03
64,6968413109,Tiling,Senior,BIHAR,Saran,18000,cash,23.0580686,72.5380984,2020-11-03
65,6972280704,Mason,Senior,MADHYA PRADESH,Dhar,9000,cash,23.1172324,72.6304546,2020-11-03
66,7819794051,Electrician,Senior,GUJARAT,Ahmadabad,12000,cash,23.0577363,72.5373049,2020-11-03
67,2536159064,Mason,Junior,GUJARAT,Banas Kantha,9000,cash,23.117153,72.6294332,2020-11-03
68,9297129955,Mason,Junior,GUJARAT,Gandhinagar,9000,cash,23.1169491,72.6295327,2020-11-03
69,1833775238,Labourer,Junior,GUJARAT,Ahmadabad,12000,cash,23.0423447,72.5304104,2020-11-03
70,6974011744,Loader-Machine,Junior,RAJASTHAN,Rajsamand,12000,cash,23.031981,72.5986923,2020-11-03
71,6775833097,Mason,Senior,MADHYA PRADESH,Alirajpur,18000,cash,23.057638,72.5393157,2020-11-03
72,5112916052,Tiling,Senior,MADHYA PRADESH,Alirajpur,18000,cash,23.057638,72.5393157,2020-11-03
73,1875578091,Labourer,Junior,GUJARAT,Ahmadabad,7000,cash,23.0419068,72.5310992,2020-11-03
74,8946790483,Formwork,Junior,UTTAR PRADESH,Kushinagar,9000,cash,23.0577644,72.5392042,2020-11-03
75,8612394127,Labourer,Junior,RAJASTHAN,Banswara,12000,cash,23.0416401,72.5298675,2020-11-03
76,6582205646,Carpenter,Senior,GUJARAT,Ahmadabad,8000,cash,22.9560731,72.5827024,2020-11-03
77,7560129768,Labourer,Senior,RAJASTHAN,Pratapgarh,15000,cash,23.0421956,72.5298266,2020-11-03
78,5395240108,Formwork,Junior,ODISHA,Cuttack,10000,cash,23.057998,72.5392796,2020-11-03
79,8906539043,Formwork,Senior,WEST BENGAL,Malda,12000,cash,23.0569919,72.5402626,2020-11-03
80,2164616345,Labourer,Senior,RAJASTHAN,Udaipur,12000,cash,23.0416826,72.5298275,2020-11-03
81,8220463122,Mason,Junior,GUJARAT,Dahod,9000,cash,23.0540586,72.4982451,2020-11-03
82,8447471995,Labourer,Senior,RAJASTHAN,Pratapgarh,12000,cash,23.041658,72.5298496,2020-11-03
83,2301560697,Mason,Junior,GUJARAT,Dahod,9000,cash,23.0536902,72.4984827,2020-11-03
84,8484515316,RCC,Junior,GUJARAT,Dahod,9000,cash,23.0536902,72.4984827,2020-11-03
85,8998204537,Mason,Junior,GUJARAT,Dahod,9000,cash,23.0542128,72.4988457,2020-11-03
86,3722683685,RCC,Senior,GUJARAT,Dahod,8000,cash,23.0528024,72.4970037,2020-11-03
87,2918302859,Mason,Senior,GUJARAT,Dahod,12000,cash,23.0536902,72.4984827,2020-11-03
88,9780343438,Mason,Senior,GUJARAT,Dahod,18000,cash,23.0540768,72.4983837,2020-11-03
89,5124957325,Loader-Machine,Junior,GUJARAT,Ahmadabad,6000,cash,23.0324647,72.5988954,2020-11-03
90,1738642153,Labourer,Senior,BIHAR,Patna,15000,bank,22.9560686,72.5827045,2020-11-03
91,3436206536,Labourer,Senior,BIHAR,Patna,15000,bank,22.9560686,72.5827045,2020-11-03
92,9726815441,Mason,Senior,BIHAR,Patna,15000,bank,22.9560686,72.5827045,2020-11-03
93,3813807857,Mason,Senior,BIHAR,Patna,15000,bank,22.9560686,72.5827045,2020-11-03
94,8088065203,Formwork,Senior,BIHAR,Patna,15000,bank,22.9560686,72.5827045,2020-11-03
95,8946790483,Formwork,Senior,BIHAR,Patna,15000,bank,22.9560686,72.5827045,2020-11-03
96,9564875093,Electrician,Senior,BIHAR,Patna,15000,bank,22.9560686,72.5827045,2020-11-03
97,3105176162,Electrician,Senior,BIHAR,Patna,15000,bank,22.9560686,72.5827045,2020-11-03
98,9025839861,Plumber,Senior,BIHAR,Patna,15000,bank,22.9560686,72.5827045,2020-11-03
99,7886645999,Plumber,Senior,BIHAR,Patna,15000,bank,22.9560686,72.5827045,2020-11-03
100,2098846829,Fabrication,Senior,BIHAR,Patna,15000,bank,22.9560686,72.5827045,2020-11-03
101,5536644517,Fabrication,Senior,BIHAR,Patna,15000,bank,22.9560686,72.5827045,2020-11-03
102,4833557286,Plastering,Junior,BIHAR,Patna,15000,bank,22.9560686,72.5827045,2020-11-03
103,1346799084,Plastering,Junior,BIHAR,Patna,15000,bank,22.9560686,72.5827045,2020-11-03
104,4959325146,Tiling,Junior,BIHAR,Patna,15000,bank,22.9560686,72.5827045,2020-11-03
105,7874558897,Tiling,Junior,BIHAR,Patna,15000,bank,22.9560686,72.5827045,2020-11-03
106,1939394328,Excavation,Junior,BIHAR,Patna,15000,bank,22.9560686,72.5827045,2020-11-03
107,5527086362,Excavation,Junior,BIHAR,Patna,15000,bank,22.9560686,72.5827045,2020-11-03
108,9410693935,Scaffolding,Junior,BIHAR,Patna,15000,bank,22.9560686,72.5827045,2020-11-03
109,3499282226,Scaffolding,Junior,BIHAR,Patna,15000,bank,22.9560686,72.5827045,2020-11-03
110,3853195898,RCC,Junior,BIHAR,Patna,15000,bank,22.9560686,72.5827045,2020-11-03
111,2571375763,RCC,Junior,BIHAR,Patna,15000,bank,22.9560686,72.5827045,2020-11-03
112,4869078600,Carpenter,Junior,BIHAR,Patna,15000,bank,22.9560686,72.5827045,2020-11-03
113,5061892631,Carpenter,Junior,BIHAR,Patna,15000,bank,22.9560686,72.5827045,2020-11-03
114,6931537274,Labourer,Senior,BIHAR,Patna,15000,bank,22.9548032,72.5820358,2020-11-03
115,5272283115,Labourer,Senior,BIHAR,Patna,15000,bank,22.9548032,72.5820358,2020-11-03
116,1410859391,Mason,Senior,BIHAR,Patna,15000,bank,22.9548032,72.5820358,2020-11-03
117,8201976271,Mason,Senior,BIHAR,Patna,15000,bank,22.9548032,72.5820358,2020-11-03
118,2017676748,Formwork,Senior,BIHAR,Patna,15000,bank,22.9548032,72.5820358,2020-11-03
119,6980524185,Formwork,Senior,BIHAR,Patna,15000,bank,22.9548032,72.5820358,2020-11-03
120,4718794440,Electrician,Senior,BIHAR,Patna,15000,bank,22.9548032,72.5820358,2020-11-03
121,1903473568,Electrician,Senior,BIHAR,Patna,15000,bank,22.9548032,72.5820358,2020-11-03
122,8378871475,Plumber,Senior,BIHAR,Patna,15000,bank,22.9548032,72.5820358,2020-11-03
123,7013402965,Plumber,Senior,BIHAR,Patna,15000,bank,22.9548032,72.5820358,2020-11-03
124,2974446017,Fabrication,Senior,BIHAR,Patna,15000,bank,22.9548032,72.5820358,2020-11-03
125,8946790483,Fabrication,Senior,BIHAR,Patna,15000,bank,22.9548032,72.5820358,2020-11-03
126,7957224634,Plastering,Junior,BIHAR,Patna,15000,bank,22.9548032,72.5820358,2020-11-03
127,1403809891,Plastering,Junior,BIHAR,Patna,15000,bank,22.9548032,72.5820358,2020-11-03
128,2707227893,Tiling,Junior,BIHAR,Patna,15000,bank,22.9548032,72.5820358,2020-11-03
129,8849505720,Tiling,Junior,BIHAR,Patna,15000,bank,22.9548032,72.5820358,2020-11-03
130,3876433468,Excavation,Junior,BIHAR,Patna,15000,bank,22.9548032,72.5820358,2020-11-03
131,5617224875,Excavation,Junior,BIHAR,Patna,15000,bank,22.9548032,72.5820358,2020-11-03
132,4764273100,Scaffolding,Junior,BIHAR,Patna,15000,bank,22.9548032,72.5820358,2020-11-03
133,5733116577,Scaffolding,Junior,BIHAR,Patna,15000,bank,22.9548032,72.5820358,2020-11-03
134,4181392521,RCC,Junior,BIHAR,Patna,15000,bank,22.9548032,72.5820358,2020-11-03
135,6802988776,RCC,Junior,BIHAR,Patna,15000,bank,22.9548032,72.5820358,2020-11-03
136,5463631729,Carpenter,Junior,BIHAR,Patna,15000,bank,22.9548032,72.5820358,2020-11-03
137,3968458873,Carpenter,Junior,BIHAR,Patna,15000,bank,22.9548032,72.5820358,2020-11-03
138,2100415441,Labourer,Senior,BIHAR,Patna,15000,bank,22.9560686,72.5827045,2020-11-03
139,4055706243,Labourer,Senior,BIHAR,Patna,15000,bank,22.9560686,72.5827045,2020-11-03
140,8041647938,Mason,Senior,BIHAR,Patna,15000,bank,22.9560686,72.5827045,2020-11-03
141,1369650491,Mason,Senior,BIHAR,Patna,15000,bank,22.9560686,72.5827045,2020-11-03
142,6062053471,Formwork,Senior,BIHAR,Patna,15000,bank,22.9560686,72.5827045,2020-11-03
143,8634035197,Formwork,Senior,BIHAR,Patna,15000,bank,22.9560686,72.5827045,2020-11-03
144,4858832510,Electrician,Senior,BIHAR,Patna,15000,bank,22.9560686,72.5827045,2020-11-03
145,5522629454,Electrician,Senior,BIHAR,Patna,15000,bank,22.9560686,72.5827045,2020-11-03
146,2899381262,Plumber,Senior,BIHAR,Patna,15000,bank,22.9560686,72.5827045,2020-11-03
147,2537711677,Plumber,Senior,BIHAR,Patna,15000,bank,22.9560686,72.5827045,2020-11-03
148,4269219228,Fabrication,Senior,BIHAR,Patna,15000,bank,22.9560686,72.5827045,2020-11-03
149,8946790483,Fabrication,Senior,BIHAR,Patna,15000,bank,22.9560686,72.5827045,2020-11-03
150,3270857614,Plastering,Junior,BIHAR,Patna,15000,bank,22.9560686,72.5827045,2020-11-03
151,4295210728,Plastering,Junior,BIHAR,Patna,15000,bank,22.9560686,72.5827045,2020-11-03
152,9976321881,Tiling,Junior,BIHAR,Patna,15000,bank,22.9560686,72.5827045,2020-11-03
153,4750174664,Tiling,Junior,BIHAR,Patna,15000,bank,22.9560686,72.5827045,2020-11-03
154,2730246155,Excavation,Junior,BIHAR,Patna,15000,bank,22.9560686,72.5827045,2020-11-03
155,1556123818,Excavation,Junior,BIHAR,Patna,15000,bank,22.9560686,72.5827045,2020-11-03
156,1713145916,Scaffolding,Junior,BIHAR,Patna,15000,bank,22.9560686,72.5827045,2020-11-03
157,9171183114,Scaffolding,Junior,BIHAR,Patna,15000,bank,22.9560686,72.5827045,2020-11-03
158,8753290503,RCC,Junior,BIHAR,Patna,15000,bank,22.9560686,72.5827045,2020-11-03
159,5260860289,RCC,Junior,BIHAR,Patna,15000,bank,22.9560686,72.5827045,2020-11-03
160,9640253064,Carpenter,Junior,BIHAR,Patna,15000,bank,22.9560686,72.5827045,2020-11-03
161,3800319936,Carpenter,Junior,BIHAR,Patna,15000,bank,22.9560686,72.5827045,2020-11-03
162,6215118014,Labourer,Senior,BIHAR,Patna,15000,bank,22.9548032,72.5820358,2020-11-03
163,6380165520,Labourer,Senior,BIHAR,Patna,15000,bank,22.9548032,72.5820358,2020-11-03
164,3451664415,Mason,Senior,BIHAR,Patna,15000,bank,22.9548032,72.5820358,2020-11-03
165,3681747332,Mason,Senior,BIHAR,Patna,15000,bank,22.9548032,72.5820358,2020-11-03
166,9947705686,Formwork,Senior,BIHAR,Patna,15000,bank,22.9548032,72.5820358,2020-11-03
167,2580665386,Formwork,Senior,BIHAR,Patna,15000,bank,22.9548032,72.5820358,2020-11-03
168,4010638223,Electrician,Senior,BIHAR,Patna,15000,bank,22.9548032,72.5820358,2020-11-03
169,4987785255,Electrician,Senior,BIHAR,Patna,15000,bank,22.9548032,72.5820358,2020-11-03
170,4974693792,Plumber,Senior,BIHAR,Patna,15000,bank,22.9548032,72.5820358,2020-11-03
171,4794922075,Plumber,Senior,BIHAR,Patna,15000,bank,22.9548032,72.5820358,2020-11-03
172,2507613860,Fabrication,Senior,BIHAR,Patna,15000,bank,22.9548032,72.5820358,2020-11-03
173,8946790483,Fabrication,Senior,BIHAR,Patna,15000,bank,22.9548032,72.5820358,2020-11-03
174,9461517714,Plastering,Junior,BIHAR,Patna,15000,bank,22.9548032,72.5820358,2020-11-03
175,1936504430,Plastering,Junior,BIHAR,Patna,15000,bank,22.9548032,72.5820358,2020-11-03
176,7526422429,Tiling,Junior,BIHAR,Patna,15000,bank,22.9548032,72.5820358,2020-11-03
177,3755084948,Tiling,Junior,BIHAR,Patna,15000,bank,22.9548032,72.5820358,2020-11-03
178,3478190400,Excavation,Junior,BIHAR,Patna,15000,bank,22.9548032,72.5820358,2020-11-03
179,8528414090,Excavation,Junior,BIHAR,Patna,15000,bank,22.9548032,72.5820358,2020-11-03
180,3539265851,Scaffolding,Junior,BIHAR,Patna,15000,bank,22.9548032,72.5820358,2020-11-03
181,9810664038,Scaffolding,Junior,BIHAR,Patna,15000,bank,22.9548032,72.5820358,2020-11-03
182,5943067493,RCC,Junior,BIHAR,Patna,15000,bank,22.9548032,72.5820358,2020-11-03
183,1655498340,RCC,Junior,BIHAR,Patna,15000,bank,22.9548032,72.5820358,2020-11-03
184,5209503033,Carpenter,Junior,BIHAR,Patna,15000,bank,22.9548032,72.5820358,2020-11-03
185,5783815053,Carpenter,Junior,BIHAR,Patna,15000,bank,22.9548032,72.5820358,2020-11-03
186,6895158691,Mason,Senior,BIHAR,Sheohar,9000,cash,23.057904,72.5387838,2020-11-04
187,7422639352,Mason,Junior,GUJARAT,Dahod,9000,cash,23.0488202,72.4999618,2020-11-04
188,6252477240,Mason,Junior,GUJARAT,Dahod,9000,cash,23.0541318,72.4982651,2020-11-04
189,2017421488,Mason,Senior,GUJARAT,Dahod,18000,cash,23.0488202,72.4999618,2020-11-04
190,7960149125,Mason,Senior,BIHAR,Sheohar,12000,cash,23.0622821,72.5424808,2020-11-04
191,8946790483,Mason,Junior,GUJARAT,Dahod,9000,cash,23.0488202,72.4999618,2020-11-04
192,4959317332,Mason,Junior,GUJARAT,Dahod,9000,cash,23.1160448,72.6293667,2020-11-04
193,8491331300,Mason,Junior,GUJARAT,Dahod,9000,cash,23.0528444,72.4973735,2020-11-04
194,1859395700,Labourer,Senior,GUJARAT,Ahmadabad,7000,cash,23.0417868,72.5291579,2020-11-04
195,1113506377,Mason,Junior,GUJARAT,Dahod,9000,cash,23.1160797,72.6293589,2020-11-04
196,2829004057,Mason,Junior,GUJARAT,Dahod,9000,cash,23.1161178,72.6293417,2020-11-04
197,9057918595,Mason,Senior,GUJARAT,Dahod,12000,cash,23.0528024,72.4970037,2020-11-04
198,6145672209,Labourer,Senior,GUJARAT,Dahod,7000,cash,23.0397716,72.5297043,2020-11-04
199,3796306899,Mason,Junior,GUJARAT,Dahod,9000,cash,23.1161651,72.6293597,2020-11-04
200,6692147896,Mason,Junior,GUJARAT,Dahod,9000,cash,23.1161548,72.6293668,2020-11-04
201,7692643166,Formwork,Senior,UTTAR PRADESH,Basti,12000,cash,23.0569919,72.5402626,2020-11-04
202,6333090500,Formwork,Senior,UTTAR PRADESH,Kushinagar,12000,cash,23.0569919,72.5402626,2020-11-04
203,4387004146,Labourer,Senior,RAJASTHAN,Pratapgarh,24000,cash,23.0422102,72.5304582,2020-11-04
204,9876824274,RCC,Junior,GUJARAT,Dahod,9000,cash,23.0588595,72.493306,2020-11-04
205,7662968402,Mason,Junior,GUJARAT,Dahod,9000,cash,23.0608216,72.5010711,2020-11-04
206,8946790483,Mason,Senior,RAJASTHAN,Dungarpur,21000,cash,23.0771509,72.4896083,2020-11-04
207,6081784400,Mason,Junior,RAJASTHAN,Dungarpur,9000,cash,23.0586387,72.5040291,2020-11-04
208,3555103727,Labourer,Senior,UTTAR PRADESH,Deoria,10000,cash,23.0205705,72.5362667,2020-11-04
209,4991159658,Fabrication,Junior,UTTAR PRADESH,Deoria,10000,cash,23.0204388,72.5362214,2020-11-04
210,5227745403,Factory Labour,Senior,GUJARAT,Ahmadabad,17000,bank,22.9732331,72.5863353,2020-11-04
211,8546203006,Loader-Machine,Junior,RAJASTHAN,Pali,11000,cash,23.0396426,72.5905374,2020-11-04
212,1298605965,Plumber,Senior,GUJARAT,Patan,15000,cash,22.9558147,72.5846233,2020-11-04
213,6272701580,Factory Labour,Senior,BIHAR,Bhojpur,15000,bank,22.9555379,72.5853625,2020-11-04
214,5826534329,Factory Labour,Senior,UTTAR PRADESH,Farrukhabad,13000,bank,22.955898,72.5853625,2020-11-04
215,4630697080,Mason,Senior,RAJASTHAN,Banswara,10000,cash,22.9558147,72.5846233,2020-11-04
216,9025844445,Loader-Machine,Junior,UTTAR PRADESH,Jaunpur,12000,cash,23.0386105,72.5930932,2020-11-04
217,9106715578,Mason,Junior,RAJASTHAN,Banswara,9000,cash,22.9569587,72.5843646,2020-11-04
218,9339726526,Mason,Junior,RAJASTHAN,Banswara,13000,cash,22.9558147,72.5846233,2020-11-04
219,3494469614,Labourer,Senior,GUJARAT,Mahisagar,15000,cash,22.9569587,72.5843646,2020-11-04
220,8212073695,Plumber,Senior,GUJARAT,Mahisagar,15000,cash,22.9569587,72.5843646,2020-11-04
221,6142486160,Mason,Senior,GUJARAT,Mahisagar,15000,cash,22.9569587,72.5843646,2020-11-04
222,2505118508,Mason,Senior,RAJASTHAN,Banswara,12000,cash,23.0433461,72.6050156,2020-11-04
223,1818518446,Labourer,Junior,RAJASTHAN,Banswara,8000,cash,23.0434336,72.6048628,2020-11-04
224,8946790483,Factory Labour,Senior,UTTAR PRADESH,Agra,6500,cash,22.9573232,72.5820358,2020-11-04
225,7322540489,Factory Labour,Senior,UTTAR PRADESH,Agra,12000,cash,22.9573232,72.5820358,2020-11-04
226,1965220231,Factory Labour,Senior,UTTAR PRADESH,Agra,8000,bank,22.9567577,72.5816374,2020-11-04
227,3709340000,Factory Labour,Junior,GUJARAT,Patan,7500,cash,22.9573232,72.5820358,2020-11-04
228,9623834691,Factory Labour,Junior,GUJARAT,Patan,8500,bank,22.9560126,72.5818022,2020-11-04
229,9108776791,Factory Labour,Senior,BIHAR,Begusarai,10000,cash,22.9567633,72.5816342,2020-11-04
230,8420050041,Heavy-Machine Operator,Senior,UTTAR PRADESH,Ambedkar Nagar,23000,bank,23.05699303,72.61962351,2020-11-04
231,3701913221,Carpenter,Senior,UTTAR PRADESH,Basti,12000,cash,23.0578397,72.5406638,2020-11-04
232,2472543658,Labourer,Junior,UTTAR PRADESH,Kushinagar,9000,cash,23.0579383,72.5405077,2020-11-04
233,8696724408,Carpenter,Junior,UTTAR PRADESH,Agra,9000,cash,23.0579362,72.5402915,2020-11-04
234,7489205624,Carpenter,Senior,UTTAR PRADESH,Kushinagar,18000,cash,23.0608073,72.5388766,2020-11-04
235,6080881429,Loader-Machine,Junior,RAJASTHAN,Jalor,15000,cash,23.0388043,72.5894907,2020-11-04
236,5556058024,Formwork,Senior,UTTAR PRADESH,Siddharthnagar,12000,cash,23.05850333,72.53992667,2020-11-04
237,2083550894,Carpenter,Senior,UTTAR PRADESH,Kushinagar,18000,cash,23.0598082,72.5389031,2020-11-04
238,7393700520,Mason,Senior,RAJASTHAN,Barmer,20000,cash,23.0217231,72.5369592,2020-11-04
239,8064906132,Loader-Machine,Junior,RAJASTHAN,Sirohi,10000,cash,23.0388615,72.5893616,2020-11-04
240,5660165294,Formwork,Senior,UTTAR PRADESH,Kushinagar,18000,cash,23.0607646,72.5389127,2020-11-04
241,9404605657,Formwork,Senior,UTTAR PRADESH,Siddharthnagar,10000,cash,23.0582861,72.5400927,2020-11-04
242,8946790483,Formwork,Senior,UTTAR PRADESH,Basti,12000,cash,23.0580047,72.5402978,2020-11-04
243,6546402206,Formwork,Senior,UTTAR PRADESH,Gorakhpur,13000,cash,23.0577856,72.5401287,2020-11-04
244,3434166632,Formwork,Senior,UTTAR PRADESH,Siddharthnagar,10000,cash,23.0579993,72.5403007,2020-11-04
245,4001191908,Mason,Senior,RAJASTHAN,Barmer,20000,cash,23.0204563,72.5368039,2020-11-04
246,5233130569,Formwork,Senior,UTTAR PRADESH,Kushinagar,18000,cash,23.0591095,72.5398929,2020-11-04
247,9851605771,Labourer,Senior,UTTAR PRADESH,Deoria,17000,cash,23.0204563,72.5368039,2020-11-04
248,8772432782,Carpenter,Senior,UTTAR PRADESH,Balrampur,12000,cash,22.9596,72.6117041,2020-11-04
249,5245453215,Factory Labour,Junior,UTTAR PRADESH,Ambedkar Nagar,12000,cash,22.9558147,72.5846233,2020-11-04
250,8456921328,Formwork,Senior,UTTAR PRADESH,Ghazipur,12000,cash,23.0603161,72.5399352,2020-11-04
251,5497903177,Carpenter,Senior,BIHAR,Purnia,16000,cash,23.020749,72.5378067,2020-11-04
252,9622263058,Mason,Senior,BIHAR,Madhubani,18000,cash,23.0607653,72.5389062,2020-11-04
253,8384178150,Factory Labour,Senior,GUJARAT,Ahmadabad,30000,cash,22.9560907,72.5846324,2020-11-04
254,2953165145,Mason,Senior,RAJASTHAN,Dungarpur,12000,cash,23.05406,72.4982513,2020-11-04
255,6659390660,Fabrication,Senior,UTTAR PRADESH,Allahabad,9000,cash,23.02112,72.5381658,2020-11-04
256,3275408738,Mason,Junior,GUJARAT,Dahod,9000,cash,23.0583628,72.5047686,2020-11-04
257,9477056853,Plastering,Junior,GUJARAT,Dahod,9000,cash,23.0583628,72.5047686,2020-11-04
258,5759698663,Mason,Junior,GUJARAT,Dahod,9000,cash,23.0577509,72.5025501,2020-11-04
259,3851123484,Mason,Junior,RAJASTHAN,Dungarpur,9000,cash,23.05483,72.5021803,2020-11-04
260,8946790483,Factory Labour,Junior,MADHYA PRADESH,Bhind,10000,cash,22.9571298,72.5835143,2020-11-04
261,7500814166,Mason,Junior,RAJASTHAN,Dungarpur,9000,cash,23.0577509,72.5025501,2020-11-04
262,1676251573,Mason,Senior,RAJASTHAN,Dungarpur,15000,cash,23.05406,72.4982513,2020-11-04
263,8664432941,Formwork,Junior,GUJARAT,Panchmahal,12000,cash,23.0565734,72.498392,2020-11-04
264,6280049694,Mason,Junior,RAJASTHAN,Dungarpur,9000,cash,23.0577509,72.5025501,2020-11-04
265,9351260338,Formwork,Senior,WEST BENGAL,Malda,9000,cash,23.059994,72.5388079,2020-11-04
266,7047314019,Formwork,Junior,GUJARAT,Panchmahal,12000,cash,23.0586807,72.5043989,2020-11-04
267,3660371142,Labourer,Senior,WEST BENGAL,Malda,12000,cash,23.0582438,72.5406693,2020-11-04
268,2227924025,Mason,Junior,RAJASTHAN,Banswara,9000,cash,22.9558147,72.5846233,2020-11-04
269,5168884245,Formwork,Senior,UTTAR PRADESH,Sambhal,12000,cash,23.0597978,72.5387636,2020-11-05
270,7568517219,Mason,Junior,RAJASTHAN,Banswara,7000,cash,22.9568758,72.5844331,2020-11-05
271,8103309990,Formwork,Junior,WEST BENGAL,Malda,10000,cash,23.0614394,72.5406283,2020-11-05
272,7976918027,Mason,Junior,RAJASTHAN,Banswara,9000,cash,23.0587334,72.4921967,2020-11-05
273,5795790309,Loader-Machine,Junior,RAJASTHAN,Jalor,12000,cash,23.0328851,72.5993502,2020-11-05
274,1271024602,Formwork,Senior,UTTAR PRADESH,Siddharthnagar,12000,cash,23.0598617,72.5387939,2020-11-05
275,5190403927,Formwork,Senior,UTTAR PRADESH,Kushinagar,15000,cash,23.0611612,72.5413356,2020-11-05
276,4271532622,Carpenter,Senior,GUJARAT,Vadodara,8000,cash,23.0419826,72.5296261,2020-11-05
277,9285805802,Factory Labour,Junior,UTTAR PRADESH,Faizabad,10000,cash,22.954693,72.5842536,2020-11-05
278,2145015022,Mason,Junior,RAJASTHAN,Banswara,9000,cash,23.055705,72.4940456,2020-11-05
279,7086205723,Formwork,Senior,UTTAR PRADESH,Siddharthnagar,12000,cash,23.056624,72.5393013,2020-11-05
280,7670171370,Formwork,Senior,UTTAR PRADESH,Kushinagar,25000,cash,23.0610541,72.5405961,2020-11-05
281,9177959080,Labourer,Senior,MADHYA PRADESH,Jhabua,6000,cash,23.0409955,72.5324987,2020-11-05
282,3265946582,Mason,Junior,GUJARAT,Dahod,9000,cash,23.0580869,72.5055081,2020-11-05
283,5190403927,Mason,Junior,GUJARAT,Dahod,9000,cash,23.0495399,72.4999618,2020-11-05
284,8889438946,Labourer,Junior,GUJARAT,Dahod,9000,cash,23.0528444,72.4973735,2020-11-05
285,3796187883,Mason,Junior,GUJARAT,Dahod,9000,cash,23.0536902,72.4984827,2020-11-06
286,5101417587,Factory Labour,Senior,UTTAR PRADESH,Hamirpur,12000,bank,22.9579895,72.58795,2020-11-06
287,9524045287,Carpenter,Senior,UTTAR PRADESH,Kushinagar,15000,cash,23.0195009,72.5289248,2020-11-06
288,8573692112,Labourer,Junior,MADHYA PRADESH,Jhabua,8000,cash,23.041976,72.5296262,2020-11-06
289,9573032803,Carpenter,Senior,BIHAR,Katihar,10000,cash,23.0195009,72.5289248,2020-11-06
290,8946790483,Plumber,Senior,ODISHA,Kendrapara,12000,cash,23.0536664,72.5014408,2020-11-06
291,9688811230,Mason,Junior,GUJARAT,Dahod,4000,cash,23.0540433,72.4982401,2020-11-06
292,7856406019,Carpenter,Senior,GUJARAT,Vadodara,21000,cash,23.041976,72.5296262,2020-11-06
293,2176681320,Carpenter,Senior,UTTAR PRADESH,Deoria,17000,cash,23.0195009,72.5289248,2020-11-06
294,3225465301,Mason,Junior,RAJASTHAN,Banswara,7000,cash,22.9564328,72.5843081,2020-11-06
295,1565204122,Labourer,Senior,BIHAR,Purba Champaran,12000,cash,22.9732585,72.5863083,2020-11-06
296,5159739411,Labourer,Senior,BIHAR,Purba Champaran,12000,cash,22.9732585,72.5863083,2020-11-06
297,6434570856,Labourer,Senior,BIHAR,Purba Champaran,12000,cash,22.9730917,72.5859518,2020-11-06
298,4183938167,Labourer,Senior,BIHAR,Purba Champaran,12000,cash,22.9730917,72.5859518,2020-11-06
299,5159564805,Labourer,Senior,BIHAR,Purba Champaran,12000,cash,22.9732585,72.5863083,2020-11-06
300,1721682311,Labourer,Senior,BIHAR,Purba Champaran,12000,cash,22.9732585,72.5863083,2020-11-06
301,5557965202,Labourer,Senior,BIHAR,Purba Champaran,12000,cash,22.9730917,72.5859518,2020-11-06
302,8030941273,Labourer,Senior,BIHAR,Purba Champaran,12000,cash,22.9730917,72.5859518,2020-11-06
303,6110879570,Labourer,Junior,RAJASTHAN,Banswara,11000,cash,22.9564163,72.584348,2020-11-06
304,4735624717,Mason,Senior,RAJASTHAN,Dungarpur,19000,cash,23.055705,72.4940456,2020-11-06
305,9239197963,Mason,Junior,GUJARAT,Ahmadabad,4000,cash,23.05405,72.4982486,2020-11-06
306,4342988133,Mason,Junior,GUJARAT,Mahesana,9000,cash,23.06136,72.4899781,2020-11-06
307,2210111570,Labourer,Junior,GUJARAT,Vadodara,10000,cash,23.0419972,72.5295716,2020-11-06
308,7059717054,Mason,Senior,RAJASTHAN,Dungarpur,19000,cash,23.0606403,72.4899781,2020-11-06
309,2247500921,Labourer,Senior,RAJASTHAN,Dungarpur,19000,cash,23.0606403,72.4899781,2020-11-06
310,7743902032,Formwork,Senior,BIHAR,Katihar,18000,cash,23.0195009,72.5289248,2020-11-06
311,6659358342,Mason,Senior,GUJARAT,Dahod,15000,cash,22.9558671,72.5849083,2020-11-06
312,4641894837,Mason,Senior,GUJARAT,Dahod,12000,cash,22.9568891,72.5844345,2020-11-06
313,2554662549,Factory Labour,Senior,UTTAR PRADESH,Ambedkar Nagar,12000,cash,22.9550947,72.5846233,2020-11-06
314,1440552748,Mason,Senior,GUJARAT,Dahod,12000,cash,23.0529047,72.5010711,2020-11-06
315,8946790483,Mason,Junior,GUJARAT,Dahod,6000,cash,22.9560884,72.5846325,2020-11-06
316,6238201924,Mason,Senior,RAJASTHAN,Dungarpur,19000,cash,23.0771509,72.4896083,2020-11-06
317,7971663349,Labourer,Senior,RAJASTHAN,Dungarpur,19000,cash,23.0771509,72.4896083,2020-11-06
318,4074751068,Mason,Senior,GUJARAT,Dahod,12000,cash,23.0540572,72.4982388,2020-11-06
319,7997741935,Loader-Machine,Junior,RAJASTHAN,Rajsamand,12000,cash,23.0387129,72.5926281,2020-11-06
320,5754510376,Mason,Junior,GUJARAT,Dahod,9000,cash,23.054649,72.4910874,2020-11-06
321,6659281152,Labourer,Junior,GUJARAT,Dahod,9000,cash,23.054649,72.4910874,2020-11-06
322,4120798179,Mason,Senior,BIHAR,Araria,30000,cash,23.0195009,72.5289248,2020-11-06
323,8860339292,Factory Labour,Junior,UTTAR PRADESH,Ambedkar Nagar,6000,cash,22.9550947,72.5846233,2020-11-06
324,8559603585,Mason,Junior,GUJARAT,Ahmadabad,9000,cash,23.0539002,72.5003316,2020-11-06
325,4079566943,Mason,Senior,RAJASTHAN,Dungarpur,19000,cash,23.0756695,72.4892385,2020-11-06
326,9294152682,Factory Labour,Junior,UTTAR PRADESH,Siddharthnagar,6500,cash,22.955898,72.5853625,2020-11-06
327,7213167178,Factory Labour,Junior,UTTAR PRADESH,Ambedkar Nagar,10000,cash,22.9550947,72.5846233,2020-11-06
328,5541968556,Mason,Junior,RAJASTHAN,Dungarpur,9000,cash,23.0587334,72.4921967,2020-11-06
329,9945532068,Labourer,Junior,MADHYA PRADESH,Shivpuri,10000,cash,23.0195009,72.5289248,2020-11-06
330,8254457245,Factory Labour,Senior,UTTAR PRADESH,Azamgarh,10000,cash,22.9665317,72.583884,2020-11-07
331,5945490899,Formwork,Senior,UTTAR PRADESH,Chandauli,14000,cash,23.0212171,72.5358261,2020-11-07
332,2328660467,Labourer,Senior,RAJASTHAN,Dungarpur,12000,cash,23.0212171,72.5358261,2020-11-07
333,5602926009,Labourer,Junior,RAJASTHAN,Dungarpur,10000,cash,23.0212171,72.5358261,2020-11-07
334,8201521466,Factory Labour,Junior,GUJARAT,Patan,11500,bank,22.956774,72.5816509,2020-11-08
335,1822651611,Factory Labour,Senior,GUJARAT,Anand,7000,cash,22.9576416,72.5816661,2020-11-08
336,8946790483,Factory Labour,Senior,UTTAR PRADESH,Jalaun,18000,cash,22.9571298,72.5835143,2020-11-09
337,2833745568,Factory Labour,Junior,UTTAR PRADESH,Basti,9000,cash,22.9567428,72.5816286,2020-11-09
338,4716111451,Factory Labour,Senior,UTTAR PRADESH,Kanpur Nagar,6000,cash,22.9549697,72.5835143,2020-11-09
339,2779677704,Factory Labour,Senior,GUJARAT,Patan,13000,cash,22.9549281,72.5831447,2020-11-09
340,8067183240,Factory Labour,Senior,BIHAR,Bhojpur,30000,cash,22.9560891,72.5846301,2020-11-09
341,7059717054,Mason,Junior,RAJASTHAN,Banswara,9000,cash,22.9560886,72.5846326,2020-11-09
342,4142293920,Mason,Senior,RAJASTHAN,Banswara,7000,cash,22.9568586,72.5844358,2020-11-09
343,4438711577,Mason,Senior,RAJASTHAN,Alwar,12000,cash,22.9568623,72.5844308,2020-11-10
344,6005446036,Mason,Senior,RAJASTHAN,Bharatpur,20000,cash,22.9561146,72.5846253,2020-11-10
345,5060013482,Mason,Senior,RAJASTHAN,Alwar,15000,cash,22.9569401,72.5843873,2020-11-10
346,9111230876,Mason,Senior,RAJASTHAN,Alwar,15000,cash,22.9561146,72.5846253,2020-11-10
347,1164553805,Labourer,Senior,RAJASTHAN,Alwar,15000,cash,22.9561146,72.5846253,2020-11-10
348,8090425218,Mason,Senior,RAJASTHAN,Alwar,15000,cash,22.9569104,72.5844153,2020-11-10
349,5752321085,Labourer,Senior,RAJASTHAN,Alwar,30000,cash,22.9569104,72.5844153,2020-11-10
350,8575154459,Mason,Senior,RAJASTHAN,Banswara,12000,cash,22.9568711,72.5844344,2020-11-10
351,2474282343,Carpenter,Senior,BIHAR,Katihar,15000,cash,23.0159819,72.5690979,2020-11-11
352,2175430844,Mason,Junior,RAJASTHAN,Banswara,9000,cash,22.9568772,72.5844291,2020-11-11
353,9091833124,Mason,Senior,GUJARAT,Surendranagar,10000,cash,22.9568884,72.5844274,2020-11-11
354,7426810178,Mason,Senior,RAJASTHAN,Banswara,12000,cash,22.9568884,72.5844274,2020-11-11
355,8066298042,Mason,Senior,WEST BENGAL,Malda,20000,cash,23.0212171,72.5358261,2020-11-12
356,7059717054,Mason,Junior,RAJASTHAN,Banswara,8000,cash,22.9568794,72.5844288,2020-11-12
357,6375556678,Mason,Senior,WEST BENGAL,Malda,20000,cash,23.0212171,72.5358261,2020-11-12
358,1928509999,Labourer,Senior,BIHAR,Muzaffarpur,10000,cash,23.0212171,72.5358261,2020-11-12
359,4330679268,Tiling,Senior,RAJASTHAN,Alwar,9000,cash,22.9568527,72.5844394,2020-11-12
360,2114874757,Labourer,Senior,GUJARAT,Dahod,21000,cash,23.0611907,72.541432,2020-10-01
361,1232970111,Mason,Junior,GUJARAT,Dahod,9000,cash,23.0610691,72.5414065,2020-10-01
362,8301907657,Labourer,Junior,GUJARAT,Dahod,9000,cash,23.0597875,72.5387433,2020-10-01
363,3165304585,Mason,Junior,RAJASTHAN,Banswara,9000,cash,23.0596967,72.5385863,2020-10-01
364,6518015250,Formwork,Senior,UTTAR PRADESH,Basti,12000,cash,23.0581893,72.5376856,2020-10-01
365,1819108060,Carpenter,Senior,MADHYA PRADESH,Jhabua,13000,cash,23.0398587,72.5291304,2020-10-01
366,1223898914,Formwork,Senior,UTTAR PRADESH,Basti,12000,cash,23.0575754,72.5391852,2020-10-02
367,5720500630,Formwork,Senior,UTTAR PRADESH,Basti,12000,cash,23.0577917,72.5401337,2020-10-02
368,1808147511,Carpenter,Senior,MADHYA PRADESH,Jhabua,9000,cash,23.0420999,72.529541,2020-10-02
369,1973318108,Formwork,Senior,UTTAR PRADESH,Kushinagar,12000,cash,23.0564427,72.5392716,2020-10-02
370,7895758809,Carpenter,Senior,MADHYA PRADESH,Jhabua,12000,cash,23.0419495,72.5313896,2020-10-02
371,8353806234,Formwork,Senior,BIHAR,Madhubani,12000,cash,23.0585819,72.5384141,2020-10-02
372,7187964379,Mason,Senior,RAJASTHAN,Banswara,8000,cash,23.0594521,72.5365655,2020-10-02
373,7812619719,Carpenter,Senior,GUJARAT,Dahod,15000,cash,23.0419495,72.5313896,2020-10-02
374,7979828919,Mason,Senior,RAJASTHAN,Banswara,19000,cash,23.059319,72.5417414,2020-10-02
375,7568675814,Mason,Junior,RAJASTHAN,Banswara,9000,cash,23.0585819,72.5384141,2020-10-02
376,7154745551,Mason,Senior,RAJASTHAN,Banswara,8000,cash,23.059855,72.5387921,2020-10-02
377,5940180040,Mason,Junior,RAJASTHAN,Banswara,9000,cash,23.0580031,72.5392824,2020-10-02
378,7059717054,Scaffolding,Senior,MADHYA PRADESH,Jhabua,15000,cash,23.0416981,72.5291712,2020-10-02
379,9832923839,Mason,Senior,RAJASTHAN,Banswara,8000,cash,23.0598411,72.5387909,2020-10-02
380,8072588602,Scaffolding,Senior,BIHAR,Araria,21000,cash,23.0421837,72.5302804,2020-10-02
381,6152395346,Formwork,Senior,UTTAR PRADESH,Siddharthnagar,12000,cash,23.0580031,72.5392824,2020-10-02
382,9959187730,Mason,Senior,WEST BENGAL,Malda,15000,cash,23.0212171,72.5358261,2020-10-02
383,4207690959,Mason,Senior,WEST BENGAL,Malda,14000,cash,23.0212171,72.5358261,2020-10-02
384,3931929326,Mason,Senior,WEST BENGAL,Malda,15000,cash,23.0212171,72.5358261,2020-10-02
385,9568180201,Labourer,Senior,GUJARAT,Patan,15000,cash,22.9561271,72.5846106,2020-10-29
386,5626835519,Mason,Junior,RAJASTHAN,Banswara,9000,cash,22.9568698,72.5844265,2020-10-29
387,1460277203,Mason,Senior,RAJASTHAN,Banswara,8000,cash,22.9568785,72.5844267,2020-10-29
388,6196366653,Mason,Junior,RAJASTHAN,Banswara,8000,cash,22.9568722,72.5844245,2020-10-29
389,2423843094,Mason,Junior,RAJASTHAN,Banswara,7000,cash,22.9572897,72.5840815,2020-10-29
390,7075929678,Mason,Senior,RAJASTHAN,Banswara,12000,cash,22.9568709,72.5844287,2020-10-30
391,8443870616,Mason,Senior,RAJASTHAN,Banswara,10000,cash,22.955117,72.5851919,2020-10-30
392,3094798847,Mason,Senior,RAJASTHAN,Banswara,12000,cash,22.956873,72.5844294,2020-10-30
393,5367617712,Plumber,Senior,GUJARAT,Dahod,8000,cash,23.0415896,72.5313896,2020-10-30
394,5527218491,Carpenter,Senior,GUJARAT,Dahod,8000,cash,23.0415896,72.5313896,2020-10-30
395,2816809504,Formwork,Junior,JHARKHAND,Garhwa,9000,cash,23.0156931,72.5675249,2020-10-30
396,4830583107,Labourer,Junior,UTTAR PRADESH,Sant Kabir Nagar,12000,cash,23.0388533,72.5928369,2020-10-30
397,8400885905,Formwork,Senior,JHARKHAND,Garhwa,10000,cash,23.0227824,72.5369352,2020-10-30
398,7059717054,Formwork,Senior,BIHAR,Muzaffarpur,15000,cash,23.0227824,72.5369352,2020-10-30
399,1324041345,Formwork,Junior,BIHAR,Muzaffarpur,8000,cash,23.0227824,72.5369352,2020-10-30
400,4281539163,Mason,Junior,MADHYA PRADESH,Jhabua,9000,cash,23.0971797,72.5550503,2020-10-30
401,8877068340,Electrician,Senior,BIHAR,Pashchim Champaran,15000,cash,23.0203772,72.5366501,2020-10-30
402,1868317632,RCC,Junior,MADHYA PRADESH,Jhabua,9000,cash,23.0949364,72.554311,2020-10-30
403,8069153348,Carpenter,Junior,UTTAR PRADESH,Kushinagar,10000,cash,23.0203772,72.5366501,2020-10-30
404,3237776242,Tiling,Senior,GUJARAT,Dahod,18000,cash,23.0884823,72.5513535,2020-10-30
405,9917635390,Electrician,Senior,BIHAR,Pashchim Champaran,15000,cash,23.0203772,72.5366501,2020-10-30
406,5790285918,Tiling,Senior,GUJARAT,Dahod,18000,cash,23.0948944,72.5539413,2020-10-30
407,7211809886,Excavation,Senior,UTTAR PRADESH,Sonbhadra,18000,cash,23.0884823,72.5513535,2020-10-30
408,7413625588,Mason,Junior,GUJARAT,Dahod,9000,cash,23.0942954,72.5498593,2020-10-30
409,9732287746,Mason,Junior,GUJARAT,Dahod,9000,cash,23.0949364,72.554311,2020-10-30
410,6001242346,Factory Labour,Junior,GUJARAT,Dahod,9000,bank,22.9624238,72.5602258,2020-10-30
411,7524961062,Mason,Junior,GUJARAT,Mahisagar,9000,cash,23.0953308,72.5609652,2020-10-30
412,6107918448,Mason,Senior,RAJASTHAN,Banswara,9000,cash,22.9636026,72.5642922,2020-10-30
413,7059717054,Mason,Senior,GUJARAT,Dahod,6000,cash,22.9636026,72.5642922,2020-10-30
414,5771013163,Formwork,Senior,UTTAR PRADESH,Kushinagar,15000,cash,23.0577767,72.540811,2020-10-30
415,5645217511,Factory Labour,Junior,GUJARAT,Dahod,6000,cash,22.9623821,72.5598561,2020-10-30
416,5742533286,Carpenter,Junior,MADHYA PRADESH,Jhabua,9000,cash,23.0416981,72.5291712,2020-10-30
417,7639808332,Factory Labour,Junior,RAJASTHAN,Banswara,9000,cash,22.9659401,72.5594865,2020-10-30
418,4886536541,Electrician,Junior,BIHAR,Pashchim Champaran,9000,cash,23.0212171,72.5358261,2020-10-30
419,2664776664,Carpenter,Junior,MADHYA PRADESH,Jhabua,9000,cash,23.042376,72.5288015,2020-10-30
420,9876870439,Plastering,Junior,GUJARAT,Bhavnagar,7000,cash,23.0577906,72.5408515,2020-10-30
421,8420855933,Factory Labour,Junior,GUJARAT,Dahod,9000,cash,22.9659401,72.5594865,2020-10-30
422,4274870280,Factory Labour,Junior,GUJARAT,Dahod,6000,cash,22.9652619,72.5598561,2020-10-30
423,2695733423,Factory Labour,Junior,GUJARAT,Ahmadabad,9000,cash,22.9652619,72.5598561,2020-10-30
424,9031520901,Mason,Senior,GUJARAT,Dahod,8000,cash,23.0598865,72.5388718,2020-10-30
425,9323204007,Carpenter,Junior,MADHYA PRADESH,Jhabua,9000,cash,23.0431796,72.529541,2020-10-30
426,4949118396,Factory Labour,Senior,GUJARAT,Dahod,9000,cash,22.9636026,72.5642922,2020-10-30
427,1420888934,Factory Labour,Junior,GUJARAT,Dahod,6000,cash,22.9651522,72.5620742,2020-10-30
428,9174398617,Formwork,Senior,UTTAR PRADESH,Kushinagar,12000,cash,23.0579775,72.5394197,2020-10-30
429,5348956486,Factory Labour,Junior,GUJARAT,Dahod,7000,cash,22.9652619,72.5598561,2020-10-30
430,4519615093,Electrician,Junior,BIHAR,Pashchim Champaran,9000,cash,23.0212171,72.5358261,2020-10-30
431,7059717054,Electrician,Junior,BIHAR,Pashchim Champaran,9000,cash,23.0227824,72.5369352,2020-10-30
432,7460113077,Electrician,Senior,JHARKHAND,Gumla,14000,cash,23.0205448,72.5362018,2020-10-30
433,2267966848,Mason,Senior,GUJARAT,Ahmadabad,5000,cash,23.0069629,72.6225321,2020-10-30
434,1220750044,Fabrication,Senior,UTTAR PRADESH,Ballia,8000,cash,22.9654864,72.6250275,
435,5543468429,Mason,Senior,GUJARAT,Ahmadabad,9000,cash,22.9732012,72.5864255,
436,3523790127,Plumber,Senior,GUJARAT,Valsad,18000,cash,23.093154,72.5576381,
437,9880021825,Factory Labour,Senior,RAJASTHAN,Barmer,18000,cash,22.9751934,72.5789913,
438,1866123044,Factory Labour,Junior,ANDHRA PRADESH,Krishna,12000,cash,22.9751934,72.5789913,
439,5811969112,Factory Labour,Junior,BIHAR,Banka,11000,cash,22.9751934,72.5789913,
440,8342577767,Factory Labour,Junior,BIHAR,Banka,12000,cash,22.9751934,72.5789913,
441,5940674812,Factory Labour,Senior,BIHAR,Banka,13000,cash,22.973366,72.5862455,
442,8705508242,Factory Labour,Senior,BIHAR,Banka,15000,cash,22.973366,72.5862455,
443,3619696346,Factory Labour,Senior,BIHAR,Banka,12000,cash,22.973366,72.5862455,
444,2034069133,Factory Labour,Senior,BIHAR,Araria,14000,cash,22.973366,72.5862455,
445,7059717054,Mason,Junior,GUJARAT,Bhavnagar,8000,cash,22.9447907,72.6237043,
446,5290825643,Formwork,Junior,ANDHRA PRADESH,Chittoor,8000,cash,23.05837833,72.53982833,
447,6016172946,Formwork,Senior,MADHYA PRADESH,Betul,12000,cash,23.0580214,72.5394065,
448,2216863556,Formwork,Senior,MADHYA PRADESH,Betul,12000,cash,23.0606979,72.5388982,
449,4016713457,Carpenter,Junior,BIHAR,Katihar,12000,cash,23.0227824,72.5369352,
450,5244233217,Carpenter,Junior,BIHAR,Katihar,12000,cash,23.0212171,72.5358261,
451,8349625212,Mason,Senior,MADHYA PRADESH,Jhabua,15000,cash,23.0212171,72.5358261,
452,1284192853,Mason,Junior,WEST BENGAL,Malda,12000,cash,23.0204748,72.5365962,
453,7259601948,Mason,Junior,WEST BENGAL,Malda,12000,cash,23.0197377,72.5291341,
454,4016713457,Mason,Junior,RAJASTHAN,Udaipur,10000,cash,23.0044507,72.5523406,
455,4084936892,Factory Labour,Junior,GUJARAT,Ahmadabad,9000,cash,22.9731931,72.5862886,
456,7028642106,Formwork,Senior,WEST BENGAL,Birbhum,15000,cash,23.0204535,72.5367988,
457,5522731722,Formwork,Senior,WEST BENGAL,Paschim Bardhaman,14000,cash,23.0197419,72.5291406,
458,7059717054,Formwork,Junior,WEST BENGAL,Birbhum,10000,cash,23.0197377,72.5291341,
459,7653826449,Labourer,Junior,WEST BENGAL,Malda,12000,cash,23.0197419,72.5291406,
460,9893081480,Plastering,Junior,WEST BENGAL,Malda,12000,cash,23.0197419,72.5291406,
461,8587800344,Mason,Senior,WEST BENGAL,Malda,15000,cash,23.0197396,72.5291345,
462,2290629339,Labourer,Senior,MADHYA PRADESH,Jhabua,15000,cash,23.0197419,72.5291406,
463,8908739757,Mason,Junior,MADHYA PRADESH,Jhabua,7500,cash,23.0201209,72.5379607,
464,1896899113,Factory Labour,Senior,BIHAR,Gopalganj,13000,cash,22.9725835,72.5864715,
465,9649192034,Mason,Senior,RAJASTHAN,Dungarpur,12000,cash,22.9792191,72.5070378,
466,8251309195,Plastering,Senior,RAJASTHAN,Dungarpur,12000,cash,22.9792191,72.5070378,
467,8869291009,Formwork,Senior,MADHYA PRADESH,Betul,12000,bank,23.0578517,72.5402364,
468,3843956100,Formwork,Senior,MADHYA PRADESH,Betul,14000,cash,23.0607519,72.5389339,
469,3685516240,Plastering,Junior,UTTAR PRADESH,Jaunpur,9000,cash,23.059656,72.5386097,
470,3026075088,Mason,Junior,MADHYA PRADESH,Harda,9000,cash,23.0580991,72.5387413,
471,4016713457,Mason,Junior,MADHYA PRADESH,Dhar,9000,cash,23.0581844,72.5383558,
472,3642309941,Mason,Junior,MADHYA PRADESH,Dhar,9000,cash,23.0613373,72.5412144,
473,5620898686,Mason,Senior,MADHYA PRADESH,Dhar,9000,cash,23.0577511,72.5400682,
474,4016713457,Mason,Senior,UTTAR PRADESH,Mau,12000,cash,23.0576347,72.5392183,
475,1387884550,Formwork,Senior,UTTAR PRADESH,Basti,12000,cash,23.0579124,72.5403772,
476,8422306883,Labourer,Junior,GUJARAT,Patan,9000,cash,23.0930529,72.5535716,
477,2512878522,Formwork,Junior,MADHYA PRADESH,Chhindwara,9000,cash,23.0580945,72.5398037,
478,9332410309,Formwork,Junior,MADHYA PRADESH,Chhindwara,9000,cash,23.0577395,72.5407028,
479,4016713457,Formwork,Senior,MADHYA PRADESH,Betul,12000,cash,23.0580696,72.5397212,
480,5702519462,Formwork,Junior,MADHYA PRADESH,Chhindwara,9000,cash,23.0579586,72.5401431,
481,8035664115,Formwork,Senior,MADHYA PRADESH,Chhindwara,12000,cash,23.0579586,72.5401431,
482,8703411685,Plastering,Senior,GUJARAT,Ahmadabad,20000,bank,23.0481493,72.6383075,
483,3754423747,Plastering,Senior,GUJARAT,Ahmadabad,20000,bank,23.0481493,72.6383075,
484,7698547292,Tiling,Senior,GUJARAT,Ahmadabad,20000,bank,23.0481493,72.6383075,
485,5638763199,Tiling,Senior,GUJARAT,Ahmadabad,20000,bank,23.0481493,72.6383075,
486,3568208423,Plastering,Senior,GUJARAT,Ahmadabad,20000,bank,22.9554547,72.5846233,
487,4742370794,Plastering,Senior,GUJARAT,Ahmadabad,20000,bank,22.9554547,72.5846233,
488,3395993610,Tiling,Senior,GUJARAT,Ahmadabad,20000,bank,22.9554547,72.5846233,
489,8820574108,Tiling,Senior,GUJARAT,Ahmadabad,20000,bank,22.9554547,72.5846233,
490,5011447691,Plastering,Senior,GUJARAT,Ahmadabad,20000,bank,23.0481493,72.6383075,
491,1558623990,Plastering,Senior,GUJARAT,Ahmadabad,20000,bank,23.0481493,72.6383075,
492,9333344416,Tiling,Senior,GUJARAT,Ahmadabad,20000,bank,23.0481493,72.6383075,
493,8221044851,Tiling,Senior,GUJARAT,Ahmadabad,20000,bank,23.0481493,72.6383075,
494,2685496041,Plastering,Senior,GUJARAT,Ahmadabad,20000,bank,22.9554547,72.5846233,
495,4016713457,Plastering,Senior,GUJARAT,Ahmadabad,20000,bank,22.9554547,72.5846233,
496,7224599387,Tiling,Senior,GUJARAT,Ahmadabad,20000,bank,22.9554547,72.5846233,
497,6396809158,Tiling,Senior,GUJARAT,Ahmadabad,20000,bank,22.9554547,72.5846233,
498,4358496415,Labourer,Senior,RAJASTHAN,Barmer,18000,cash,22.9561139,72.5846238,
499,9066838547,Labourer,Senior,RAJASTHAN,Barmer,18000,cash,22.9561139,72.5846238,
500,7188528094,Labourer,Senior,RAJASTHAN,Barmer,18000,cash,22.9730417,72.5905374,
